<keymap version="1" name="Ravend" parent="$default">
  <action id="ActivateTerminalToolWindow">
    <keyboard-shortcut first-keystroke="ctrl back_quote" />
  </action>
  <action id="AddToFavoritesPopup" />
  <action id="Arrangement.Rule.Edit" />
  <action id="BookmarksView.Rename" />
  <action id="ChangesView.Rename" />
  <action id="CloseContent">
    <keyboard-shortcut first-keystroke="ctrl f4" />
    <keyboard-shortcut first-keystroke="ctrl w" />
  </action>
  <action id="Console.Execute.Multiline" />
  <action id="Console.SplitLine" />
  <action id="ContextHelp">
    <keyboard-shortcut first-keystroke="shift f6" />
  </action>
  <action id="Diff.NextChange" />
  <action id="Diff.PrevChange" />
  <action id="DirDiffMenu.SynchronizeDiff.All" />
  <action id="Docker.RemoteServers.StartComposeService" />
  <action id="Documentation.ViewExternal" />
  <action id="EditorCompleteStatement" />
  <action id="EditorSelectWord">
    <keyboard-shortcut first-keystroke="shift alt right" />
  </action>
  <action id="EditorSplitLine" />
  <action id="EditorStartNewLine">
    <keyboard-shortcut first-keystroke="shift enter" />
    <keyboard-shortcut first-keystroke="ctrl enter" />
  </action>
  <action id="EditorStartNewLineBefore">
    <keyboard-shortcut first-keystroke="ctrl alt enter" />
    <keyboard-shortcut first-keystroke="shift ctrl enter" />
  </action>
  <action id="EditorUnSelectWord">
    <keyboard-shortcut first-keystroke="shift ctrl w" />
    <keyboard-shortcut first-keystroke="shift alt left" />
  </action>
  <action id="ExternalJavaDoc" />
  <action id="Git.Rename.Local.Branch" />
  <action id="Git.Reword.Commit" />
  <action id="GotoNextError">
    <keyboard-shortcut first-keystroke="f1" />
  </action>
  <action id="GotoPreviousError">
    <keyboard-shortcut first-keystroke="shift f2" />
    <keyboard-shortcut first-keystroke="shift f1" />
  </action>
  <action id="NextEditorTab" />
  <action id="PreviousEditorTab" />
  <action id="QuickChangeScheme">
    <keyboard-shortcut first-keystroke="alt f12" />
  </action>
  <action id="ReformatCode">
    <keyboard-shortcut first-keystroke="ctrl alt l" />
    <keyboard-shortcut first-keystroke="shift alt f" />
  </action>
  <action id="RenameElement">
    <keyboard-shortcut first-keystroke="f2" />
  </action>
  <action id="ShelvedChanges.Rename" />
  <action id="SmartSelect">
    <keyboard-shortcut first-keystroke="shift alt right" />
  </action>
  <action id="SplitChooser.Duplicate" />
  <action id="Table-startEditing" />
  <action id="Terminal.SmartCommandExecution.Debug" />
  <action id="Terminal.SmartCommandExecution.Run" />
  <action id="Tree-startEditing" />
  <action id="UsageFiltering.WriteAccess" />
  <action id="ViewSource" />
  <action id="XDebugger.SetValue" />
</keymap>